id	author_i	title_i	ref_i	author_j	title_j	ref_j	chain_len	score	context_summary
28833	Michael Psellos	Theologica I	69/#2	Eustratius of Nicaea	In Ethica Nicomachea VI	/301#2	7	0.0101	φυσικῶν πραγμάτων τὸ ἐν ἑαυτῷ ἔχειν τὴν ἀρχὴν τῆς κινήσεως ὡς καὶ τὸ τέλος τῆς ἠ
28635	Michael Psellos	Theologica I	3/#4	Eustratius of Nicaea	In Analytica Posteriora II	/82#3	6	0.0444	γὰρ ἁπλῶς ὅσα κατά τινος λέγεται καὶ κατὰ τοῦ ὑποκειμένου τούτῳ ῥηθήσεται ἀλλὰ δ
28636	Michael Psellos	Theologica I	3/#1	Eustratius of Nicaea	In Analytica Posteriora II	/82#3	6	0.0334	οὐ γὰρ ἁπλῶς ὅσα κατά τινος λέγεται ταῦτα καὶ κατὰ τοῦ ὑποκειμένου τούτῳ ῥηθήσετ
28637	Michael Psellos	Theologica I	3/#5	Eustratius of Nicaea	In Analytica Posteriora II	/82#3	6	0.0187	εἶδος οὐ τοίνυν ὅσα κατά τινος λέγεται ταῦτα καὶ κατὰ τοῦ ὑποκειμένου συνίσταται
28694	Michael Psellos	Theologica I	47/#5	Eustratius of Nicaea	In Analytica Posteriora II	/100#1	6	0.0	καὶ φύσεως κάλλει τὸ πρεσβεῖον ἀπείληφεν οὐ μέντοι γε κατ αὐτὸ τὸ ἐκτίσθαι τῶν ἄ
28734	Michael Psellos	Theologica I	107/#11	Eustratius of Nicaea	In Analytica Posteriora II	/221#3	6	0.0	ἀγγέλοις μία τις εἰδικὴ οὐσία συμπέφυκεν οὕτω δὴ καὶ ἐπὶ τῶν τριῶν ὑποστάσεων πα
28803	Michael Psellos	Theologica I	3/#4	Eustratius of Nicaea	In Ethica Nicomachea I	/117#2	6	0.0	φιλοσόφου ἐπὶ τῶν οὐσιωδῶς κατηγορουμένων προσχρησαμένου τῷ ῥήματι οὗτος καὶ ἐπὶ
28668	Michael Psellos	Theologica I	6/#5	Eustratius of Nicaea	In Analytica Posteriora II	/221#3	5	0.0196	κεκόσμηται ἀλλὰ τὸ συναμφότερον ἤτοι τὸ ἐξ ὕλης καὶ εἴδους συνεστηκός τὸ γὰρ τοῦ
28651	Michael Psellos	Theologica I	69/#6	Eustratius of Nicaea	In Analytica Posteriora II	/66#2	5	0.0142	ὡς καὶ αὐτὸ δηλοῖ τοὔνομα καινή τις ὁδὸς τοῦ ὑποκει μένου πράγματος καὶ παράδοξο
28707	Michael Psellos	Theologica I	59/#13	Eustratius of Nicaea	In Analytica Posteriora II	/34#2	5	0.0138	προσείληφεν ἄνθρωπον ὁ ἀπ ἀρχῆς θεός εἶτα ἵνα μή τις εἴπῃ καὶ πῶς ἔχει λόγον τὸν
28650	Michael Psellos	Theologica I	69/#5	Eustratius of Nicaea	In Analytica Posteriora II	/66#2	5	0.0136	ὡς καὶ αὐτὸ δηλοῖ τοὔνομα καινή τις ὁδὸς τοῦ ὑποκει μένου πράγματος καὶ
28647	Michael Psellos	Theologica I	59/#13	Eustratius of Nicaea	In Analytica Posteriora II	/34#3	5	0.0126	προσείληφεν ἄνθρωπον ὁ ἀπ ἀρχῆς θεός εἶτα ἵνα μή τις εἴπῃ καὶ πῶς ἔχει λόγον τὸν
28714	Michael Psellos	Theologica I	69/#6	Eustratius of Nicaea	In Analytica Posteriora II	/66#1	5	0.0122	ὡς καὶ αὐτὸ δηλοῖ τοὔνομα καινή τις ὁδὸς τοῦ ὑποκει μένου πράγματος καὶ παράδοξο
28847	Michael Psellos	Theologica I	19/#3	Eustratius of Nicaea	In Ethica Nicomachea VI	/275#3	5	0.0122	ἐν τοσούτῳ πλούτῳ τῆς ἀγαθότητος δέον τῷ ἐναντίῳ τὰ ἐναντία καρποῦσθαι τῷ ἀόκνῳ 
28713	Michael Psellos	Theologica I	69/#5	Eustratius of Nicaea	In Analytica Posteriora II	/66#1	5	0.0117	ὡς καὶ αὐτὸ δηλοῖ τοὔνομα καινή τις ὁδὸς τοῦ ὑποκει μένου πράγματος καὶ
28693	Michael Psellos	Theologica I	42/#5	Eustratius of Nicaea	In Analytica Posteriora II	/137#3	5	0.0088	αὐτὸν γεγενῆσθαι ἀλλ ἢ μόνον τῆς ἐν γενέσει τε καὶ φθορᾷ κατὰ καιροὺς φυτευομένη
28703	Michael Psellos	Theologica I	56/#4	Eustratius of Nicaea	In Analytica Posteriora II	/221#3	5	0.0078	τὸ δὲ εἶδος ὁποῖον πῶς δὲ ἐξ ὕλης καὶ εἴδους φύσεων ἀσωμάτων σῶμα συνιστᾷς πῶς δ
28790	Michael Psellos	Theologica I	106/#8	Eustratius of Nicaea	In Ethica Nicomachea I	/4#1	5	0.0077	καθέστηκεν ἐν ἑτέρᾳ γραφῇ σαφηνίσομεν Καὶ περὶ μὲν τούτων ἅλις ὁ δέ γε πατὴρ τὸν
28644	Michael Psellos	Theologica I	42/#2	Eustratius of Nicaea	In Analytica Posteriora II	/102#3	5	0.0042	θεωρητικῷ τοῖς γνωστικοῖς ἐπιτάγμασιν ὑπηρετού μενος τοῦ νοός ὥσπερ δὴ καὶ ὁ αὐτ
28864	Michael Psellos	Theologica I	45/#8	Eustratius of Nicaea	In Ethica Nicomachea VI	/333#2	5	0.0039	σῴζεις ὄφεωσ πρὸς τὸν ὄφιν ῥηθέν τοῦτο δηλοῖ ὅτι ἐκεῖ μὲν οὐκ ὄφις τὸ ἀναρτηθὲν 
28719	Michael Psellos	Theologica I	75/#4	Eustratius of Nicaea	In Analytica Posteriora II	/159#2	5	0.0037	ὁ ἐξ ἐκείνου φὺς ὑπῆρχεν υἱός εἰ δὲ κατὰ τὴν δευτέραν ἀπόδοσιν τὸ ἐν
28798	Michael Psellos	Theologica I	1/#5	Eustratius of Nicaea	In Ethica Nicomachea I	/119#2	5	0.0037	ἀλλὰ καὶ θυσιῶν ἀπάρχεσθαι καὶ τὰ ἀπὸ τῶν χειρόνων ἐπὶ τὰ κρείττω διαβατήρια τῷ 
28726	Michael Psellos	Theologica I	97/#3	Eustratius of Nicaea	In Analytica Posteriora II	/132#2	5	0.0032	αἴτιον λόγον φασὶ τοῦ αἰτιατοῦ νῦν δὲ τὸ αἰτιατὸν τοῦ αἰτίου πρὸς ὃ βούλεται καὶ
28791	Michael Psellos	Theologica I	107/#1	Eustratius of Nicaea	In Ethica Nicomachea I	/1#1	5	0.0028	κλοῖ πρὸς βορρᾶν καὶ εἰς τὸ θεολογικὸν ῥητὸν τὸ ὁ μὲν ἡμέτερος λόγος ὥσπερ ἵππου
28779	Michael Psellos	Theologica I	85/#6	Eustratius of Nicaea	In Ethica Nicomachea I	/46#2	5	0.002	κυρίως ἀλλ ἀγαθοειδεῖς τοῦ πρώτου μετεσχηκότες ἀγαθοῦ καὶ ὃ μηδὲν ἄλλο ἐστὶν ἢ τ
28638	Michael Psellos	Theologica I	71/#7	Eustratius of Nicaea	In Analytica Posteriora II	/105#2	5	0.0	ὡς ἡμεῖς λέγομεν ἀλλὰ τὴν ἐκ τοῦ μὴ ὄντος εἰς τὸ εἶναι παραγωγὴν τῶν προσώπων ἐμ
28654	Michael Psellos	Theologica I	71/#4	Eustratius of Nicaea	In Analytica Posteriora II	/245#1	5	0.0	ἐξ αὐτοῦ οὐ γὰρ ἐν τεῦθεν τὸ μεῖζον καὶ τὸ ἔλαττον δίδοται ἀλλὰ διὰ τὴν τοῦ ἀκού
28664	Michael Psellos	Theologica I	3/#5	Eustratius of Nicaea	In Analytica Posteriora II	/243#1	5	0.0	καὶ φύσιν κατηγορήσας οὖν τὸ μεῖζον τοῦ αἰτίου καὶ τὸ αἴτιον τοῦ φύσει ἐντεῦθεν 
28683	Michael Psellos	Theologica I	29/#8	Eustratius of Nicaea	In Analytica Posteriora II	/108#3	5	0.0	ἄν ποτε ἀποκατασταίη ὁ τούτους ἀφαιρεθείς οὕτω δὴ καὶ ἐπὶ τῶν συνθέτων καὶ τῶν ἁ
28684	Michael Psellos	Theologica I	29/#9	Eustratius of Nicaea	In Analytica Posteriora II	/108#3	5	0.0	ἄν ποτε ἀποκατασταίη ὁ τούτους ἀφαιρεθείς οὕτω δὴ καὶ ἐπὶ τῶν συνθέτων καὶ τῶν ἁ
28698	Michael Psellos	Theologica I	54/#11	Eustratius of Nicaea	In Analytica Posteriora II	/176#1	5	0.0	οὐ γὰρ ὥσπερ ἐπὶ τῶν σωματικῶν οὕτως ἔχει καὶ ἐπὶ τῶν θειο τέρων ἡμεῖς μὲν γὰρ ο
28699	Michael Psellos	Theologica I	55/#6	Eustratius of Nicaea	In Analytica Posteriora II	/172#2	5	0.0	χρόνου μετρουμένοις ἁρμόζει μέρη γὰρ χρόνου τὸ πρότερον καὶ τὸ ὕστερον ὧν δὲ ὁ χ
28700	Michael Psellos	Theologica I	55/#6	Eustratius of Nicaea	In Analytica Posteriora II	/171#2	5	0.0	χρόνου μετρουμένοις ἁρμόζει μέρη γὰρ χρόνου τὸ πρότερον καὶ τὸ ὕστερον ὧν δὲ ὁ χ
28701	Michael Psellos	Theologica I	55/#6	Eustratius of Nicaea	In Analytica Posteriora II	/171#3	5	0.0	χρόνου μετρουμένοις ἁρμόζει μέρη γὰρ χρόνου τὸ πρότερον καὶ τὸ ὕστερον ὧν δὲ ὁ χ
28718	Michael Psellos	Theologica I	75/#2	Eustratius of Nicaea	In Analytica Posteriora II	/73#3	5	0.0	ὄγκῳ σωματικῷ ἀσωμάτως τῶν ἀσωμάτων κατατρυφᾷ καὶ ταῦτα μὲν ἐν παρέργῳ τοῦ προοι
28744	Michael Psellos	Theologica I	52/#8	Eustratius of Nicaea	In Ethica Nicomachea I	/87#2	5	0.0	ἀπὸ τῆς τούτων ἀναιρέσεως παρέστησε καὶ τὸ τέταρτον εἰ μὲν οὖν καὶ αὐτὸς ἐν ἀριθ
28763	Michael Psellos	Theologica I	52/#9	Eustratius of Nicaea	In Ethica Nicomachea I	/87#2	5	0.0	ἀπὸ τῆς τούτων ἀναιρέσεως παρέστησε καὶ τὸ τέταρτον εἰ μὲν οὖν καὶ αὐτὸς ἐν ἀριθ
28764	Michael Psellos	Theologica I	52/#10	Eustratius of Nicaea	In Ethica Nicomachea I	/87#2	5	0.0	τῷ παντὶ ἢ ἐν τῷ ὑπὲρ τὸ πᾶν εἰ μὲν οὖν ἐρεῖς ἐν τῷ παντί αὖθις ἄν
28765	Michael Psellos	Theologica I	55/#6	Eustratius of Nicaea	In Ethica Nicomachea I	/42#2	5	0.0	χρόνου μετρουμένοις ἁρμόζει μέρη γὰρ χρόνου τὸ πρότερον καὶ τὸ ὕστερον ὧν δὲ ὁ χ
28766	Michael Psellos	Theologica I	55/#6	Eustratius of Nicaea	In Ethica Nicomachea I	/42#3	5	0.0	χρόνου μετρουμένοις ἁρμόζει μέρη γὰρ χρόνου τὸ πρότερον καὶ τὸ ὕστερον ὧν δὲ ὁ χ
28769	Michael Psellos	Theologica I	64/#5	Eustratius of Nicaea	In Ethica Nicomachea I	/36#1	5	0.0	προσήγγισας ὦ λῷστε τῷ οὐρα νῷ οὕτω δὴ καὶ ὁ τὴν θείαν ἡμῖν ταύτην κλίμακα τεκτα
28794	Michael Psellos	Theologica I	107/#11	Eustratius of Nicaea	In Ethica Nicomachea I	/74#2	5	0.0	ἀγγέλοις μία τις εἰδικὴ οὐσία συμπέφυκεν οὕτω δὴ καὶ ἐπὶ τῶν τριῶν ὑποστάσεων πα
28804	Michael Psellos	Theologica I	3/#5	Eustratius of Nicaea	In Ethica Nicomachea I	/49#3	5	0.0	καὶ φύσιν κατηγορήσας οὖν τὸ μεῖζον τοῦ αἰτίου καὶ τὸ αἴτιον τοῦ φύσει ἐντεῦθεν 
28806	Michael Psellos	Theologica I	6/#3	Eustratius of Nicaea	In Ethica Nicomachea I	/69#1	5	0.0	χρὴ πάντας εἰδέναι ὑμᾶς ὅτι διαφόρων ὄντων αἰτίων δι ἃ τὰ καθ ἕκαστα γίνεται σύμ
28828	Michael Psellos	Theologica I	52/#9	Eustratius of Nicaea	In Ethica Nicomachea VI	/320#1	5	0.0	καθ ἡμῶν ὥρμηκας εἶτα οὐκ οἶσθα ὡς καὶ αὐτὸς ὁ Ἀριστοτέλης ἐπὶ τῷ τοιούτῳ ὁρισμῷ
28831	Michael Psellos	Theologica I	68/#8	Eustratius of Nicaea	In Ethica Nicomachea VI	/403#2	5	0.0	ἐκ τοῦ ἀγεννήτου γέγονεν ἀγέννητος ἔδοξεν ὥσπερ ἂν εἴ τις εἴπῃ τὴν μὲν ψυχὴν σῶμ
28832	Michael Psellos	Theologica I	68/#9	Eustratius of Nicaea	In Ethica Nicomachea VI	/403#2	5	0.0	ἐκ τοῦ ἀγεννήτου γέγονεν ἀγέννητος ἔδοξεν ὥσπερ ἂν εἴ τις εἴπῃ τὴν μὲν ψυχὴν σῶμ
28834	Michael Psellos	Theologica I	69/#2	Eustratius of Nicaea	In Ethica Nicomachea VI	/369#3	5	0.0	προενεχθεῖσαι ἀλλὰ πρότερον ζητητέον τίς ἐστιν ἡ λεγομένη φύσις καὶ πῶς τοῖς πρώ
28856	Michael Psellos	Theologica I	24/#12	Eustratius of Nicaea	In Ethica Nicomachea VI	/271#1	5	0.0	καὶ ἡ κώφευσις τῶν δὲ ἐναντίων τὸ λευκὸν καὶ τὸ μέλαν σκεπτέον οὖν τίνι τῶν ἀντι
28829	Michael Psellos	Theologica I	55/#8	Eustratius of Nicaea	In Ethica Nicomachea VI	/293#1	4	0.032	τὸ μὴ γεννηθέν ὣς δὲ καὶ γεννητὸν τὸ γεννηθὲν καὶ γενητὸν τὸ ἐκτισμένον ὣς δὲ λέ
28662	Michael Psellos	Theologica I	3/#3	Eustratius of Nicaea	In Analytica Posteriora II	/82#3	4	0.0206	γὰρ ἁπλῶς ὅσα κατά τινος λέγεται καὶ κατὰ τοῦ ὑποκειμένου τούτῳ ῥηθήσεται ἀλλὰ δ
28735	Michael Psellos	Theologica I	111/#1	Eustratius of Nicaea	In Analytica Posteriora II	/189#2	4	0.0104	χωριστὸν τῶν σωμάτων ἀλλὰ τὸ ἐν τοῖς ὑπ αὐτὸ ἀτόμοις πραγματικῶς ὑφιστάμενον ἰδι
28656	Michael Psellos	Theologica I	97/#4	Eustratius of Nicaea	In Analytica Posteriora II	/253#1	4	0.0101	καὶ ὁ ἀετὸς ὁμοίως ὅτι ξηρός διὰ τοῦτο τὰ τοιαῦτα αἴτια λόγοι λέγονται κατ αὐτὸ 
28687	Michael Psellos	Theologica I	32/#10	Eustratius of Nicaea	In Analytica Posteriora II	/188#2	4	0.0071	καθὸ τοιοῦτον ἐστὶν ἐν τόπῳ καὶ ὅτι τὰ καθ αὑτὰ ἀσώματα πανταχῇ πεφύκασιν
28688	Michael Psellos	Theologica I	32/#11	Eustratius of Nicaea	In Analytica Posteriora II	/188#2	4	0.0068	καθὸ τοιοῦτον ἐστὶν ἐν τόπῳ καὶ ὅτι τὰ καθ αὑτὰ ἀσώματα πανταχῇ πεφύκασιν εἶναι 
28672	Michael Psellos	Theologica I	11/#12	Eustratius of Nicaea	In Analytica Posteriora II	/28#3	4	0.0059	γάρ φησι θεὸς καὶ ὅλος ἄνθρωποσ ἀλλ ὅτι ταῦτα μὲν κυριολεκτούντων ἐκεῖνα δὲ κατα
28705	Michael Psellos	Theologica I	57/#7	Eustratius of Nicaea	In Analytica Posteriora II	/120#2	4	0.0047	τὴν τοῦ πεπαροιμιασμένου λόγου ἠγνόησε δύναμιν σὺ δὲ ὅρα ὅτι τολμηρὸν τέως φαίνε
28809	Michael Psellos	Theologica I	12/#9	Eustratius of Nicaea	In Ethica Nicomachea I	/12#1	4	0.0047	τοῦ ἔν τινι ἑνδεκαχῇ ὁμωνυμίᾳ μεμαθήκατε ἵνα μή τις οἰηθείη ὡς εἰ ἐν ταῖς φύσεσι
28825	Michael Psellos	Theologica I	42/#2	Eustratius of Nicaea	In Ethica Nicomachea VI	/320#1	4	0.0045	ἀρετῶν εἰ δέ τις ἀναχθείη πρὸς τὴν τῶν ὄντων γνῶσιν καὶ τὴν τῶν τελεωτέρων κατάλ
28653	Michael Psellos	Theologica I	70/#3	Eustratius of Nicaea	In Analytica Posteriora II	/221#3	4	0.0043	πῦρ ὁρατὸν γὰρ κἀκεῖνο καὶ οἷον ἐξ ὕλης καὶ εἴδους συγκεί μενον Ἀλλὰ πρὶν
28801	Michael Psellos	Theologica I	2/#8	Eustratius of Nicaea	In Ethica Nicomachea I	/96#1	4	0.0041	ἐν θατέρῳ περιπεπτωκότας οὐ γὰρ ὥσπερ ἀρετὴ καὶ κακία καὶ περισσὸν καὶ ἄρτιον κα
28819	Michael Psellos	Theologica I	44/#6	Eustratius of Nicaea	In Ethica Nicomachea VI	/356#1	4	0.0041	τὸν τῆς οἰκονομίας λόγον σκοπήσαντος φιλόσοφον μὲν γὰρ οὐκ ἔστιν ἐπεὶ τί κωλύει 
28821	Michael Psellos	Theologica I	97/#3	Eustratius of Nicaea	In Ethica Nicomachea VI	/335#2	4	0.004	λόγον φασὶ τοῦ αἰτιατοῦ νῦν δὲ τὸ αἰτιατὸν τοῦ αἰτίου πρὸς ὃ βούλεται καὶ καταλλ
28857	Michael Psellos	Theologica I	25/#4	Eustratius of Nicaea	In Ethica Nicomachea VI	/291#1	4	0.0038	μίξιν ἄν τις εὕροι τῶν ἰδεῶν ἀλλ οὐ διὰ τοῦτο οἱ ἄνδρες ἐπαινετέοι ἀλλ ὅτι ἀμούσ
28639	Michael Psellos	Theologica I	6/#5	Eustratius of Nicaea	In Analytica Posteriora II	/133#1	4	0.0037	κεκόσμηται ἀλλὰ τὸ συναμφότερον ἤτοι τὸ ἐξ ὕλης καὶ εἴδους συνεστηκός τὸ γὰρ τοῦ
28756	Michael Psellos	Theologica I	6/#11	Eustratius of Nicaea	In Ethica Nicomachea I	/2#2	4	0.0036	κατ ὀλίγον ἡ συμπλοκή οὕτω δὴ κατὰ τὸ ἀνάλογον καὶ ἡ διάλυσις οὐ γὰρ εὐθὺς ἀποθν
28702	Michael Psellos	Theologica I	56/#4	Eustratius of Nicaea	In Analytica Posteriora II	/133#1	4	0.0035	τὸ δὲ εἶδος ὁποῖον πῶς δὲ ἐξ ὕλης καὶ εἴδους φύσεων ἀσωμάτων σῶμα συνιστᾷς πῶς δ
28643	Michael Psellos	Theologica I	31/#9	Eustratius of Nicaea	In Analytica Posteriora II	/157#2	4	0.0034	τὸ γοῦν ἀλλάττειν τὴν φυσικὴν χρῆσιν εἰς τὴν παρὰ φύσιν ὅπερ ἐπὶ τῶν θηλειῶν ἐζή
28682	Michael Psellos	Theologica I	29/#3	Eustratius of Nicaea	In Analytica Posteriora II	/142#2	4	0.0034	μὲν σῶμα τὸ δὲ ψυχή τὸ μὲν ὡς ὑλικὸν αἴτιον ὑποκεί μενον ἡ δὲ ὡς εἰδοποιὸν
28751	Michael Psellos	Theologica I	105/#9	Eustratius of Nicaea	In Ethica Nicomachea I	/37#3	4	0.0033	τὴν σύστα σιν γεννῶν γὰρ τὸ ἓν τὸ ὄν καὶ τὸ ὂν τὸν νοῦν καὶ ὁ
28712	Michael Psellos	Theologica I	65/#6	Eustratius of Nicaea	In Analytica Posteriora II	/34#3	4	0.0032	σταυρούμενον βλέπειν καὶ τοῦτον μετὰ λῃστῶν εἶτα ἵνα μή τις οἰηθῇ αὐτὴν ἐκείνην 
28846	Michael Psellos	Theologica I	19/#2	Eustratius of Nicaea	In Ethica Nicomachea VI	/276#1	4	0.0031	τῷ ἐναντίῳ τὰ ἐναντία παραδειγματίζων δὲ καὶ τὸν οἰκεῖον λόγον πάνυ ἀνοικείως εἰ
28754	Michael Psellos	Theologica I	5/#1	Eustratius of Nicaea	In Ethica Nicomachea I	/107#3	4	0.0026	σώματι ἃ δὲ τῷ συναμφοτέρῳ ἤτοι τῷ μίγματι καὶ ταῦτα ψυχῇ χρωμένῃ σώματι ἐκεῖνα 
28860	Michael Psellos	Theologica I	29/#1	Eustratius of Nicaea	In Ethica Nicomachea VI	/401#2	4	0.0023	ἀνθρώπων ἕκαστος ἀποπίπτων τοῦ ἀγαθοῦ καὶ παρὰ τὸν ὀρθὸν λόγον κινούμενος αὖθις 
28657	Michael Psellos	Theologica I	101/#11	Eustratius of Nicaea	In Analytica Posteriora II	/269#1	4	0.0022	αἴσθησις καὶ φαντασία καὶ δόξα καὶ διάνοια καὶ νοῦς σύνδουλα
28689	Michael Psellos	Theologica I	34/#4	Eustratius of Nicaea	In Analytica Posteriora II	/266#1	4	0.0021	ἔτι μᾶλλον τὸν προφητικὸν λόγον ἐξακριβώσαιτο καὶ ἐπ αὐτοῦ ἂν θαρρῶν εἴποι τὸ οὐ
28840	Michael Psellos	Theologica I	7/#5	Eustratius of Nicaea	In Ethica Nicomachea VI	/262#2	4	0.0016	στῦλος δὲ τῆς σοφίας ἡ διάφορος τῶν τεχνῶν καὶ ἐπιστημῶν
28845	Michael Psellos	Theologica I	19/#1	Eustratius of Nicaea	In Ethica Nicomachea VI	/276#1	4	0.0015	τῷ ἐναντίῳ τὰ ἐναντία παραδειγματίζων δὲ καὶ τὸν οἰκεῖον λόγον
28640	Michael Psellos	Theologica I	7/#4	Eustratius of Nicaea	In Analytica Posteriora II	/16#3	4	0.0	πλείστου ἐν μὲν τῷ Ἄισματι θεολόγος ἐστίν ἐν δὲ τῷ Ἐκκλησιαστῇ φυσιολόγος καὶ ἐν
28641	Michael Psellos	Theologica I	24/#3	Eustratius of Nicaea	In Analytica Posteriora II	/64#1	4	0.0	σώματος ὁ ὀφθαλμός ἐξαίρετον δὲ μέρος ὁ νοῦς τῆς ψυχῆς ὅν φημι λόγον ἔχει ὁ ὀφθα
28642	Michael Psellos	Theologica I	25/#4	Eustratius of Nicaea	In Analytica Posteriora II	/162#3	4	0.0	στερεῷ ἀποκληρωσάμενος σώματι ἀναβάλλομαι δὲ νῦν τὸν περὶ τούτου λόγον ὅτι μὴ κα
28645	Michael Psellos	Theologica I	42/#5	Eustratius of Nicaea	In Analytica Posteriora II	/53#1	4	0.0	νοῦ καθαρότητα θεοῦ γενόμενος οἰκητήριον Ὁ δέ γε τοῦ θεοῦ λόγος διττὸν τρόπον λέ
28646	Michael Psellos	Theologica I	45/#6	Eustratius of Nicaea	In Analytica Posteriora II	/155#3	4	0.0	καὶ τὴν ἀδιάφορον τῶν πραγμάτων ὕπαρξιν ποτὲ δὲ τὴν διαφορὰν καὶ τὴν ἐναντίωσιν 
28648	Michael Psellos	Theologica I	64/#3	Eustratius of Nicaea	In Analytica Posteriora II	/5#2	4	0.0	καὶ τὰ μέγιστα τοῖς διδασκομένοις ἐπαγγελλόμενος ἢ τοῦτο μὲν οὐχί ἀγνοεῖ δὲ τὸ τ
28649	Michael Psellos	Theologica I	65/#7	Eustratius of Nicaea	In Analytica Posteriora II	/162#3	4	0.0	ἡ δὲ ἀκριβεστέρα καὶ ὑψηλοτέρα ὅτι ἐπειδήπερ ἡ μία τῆς τριάδος ὑπόστασις ἄνθρωπο
28652	Michael Psellos	Theologica I	69/#7	Eustratius of Nicaea	In Analytica Posteriora II	/21#2	4	0.0	ἰδιότητα κινούμενον ἢ ἱστάμενον ἢ ἄλλο τι ποιοῦν ἢ πάσχον κεκαινοτόμηται ὅθεν οὐ
28655	Michael Psellos	Theologica I	80/#8	Eustratius of Nicaea	In Analytica Posteriora II	/107#2	4	0.0	τὴν ἀνάστασιν μὴ μέντοι γε συμπιεῖν διὰ τοῦτο τὸ ἐν ταῖς Πράξεσι τοὺς πολλοὺς θρ
28658	Michael Psellos	Theologica I	105/#6	Eustratius of Nicaea	In Analytica Posteriora II	/182#2	4	0.0	ῦν μὲν κατὰ ψυχῆς φερόμενον νῦν δὲ κατὰ τοῦ ἀέρος καὶ αὖθις καθ ἑτέρου τινός ὧν
28659	Michael Psellos	Theologica I	106/#1	Eustratius of Nicaea	In Analytica Posteriora II	/180#3	4	0.0	πνεύ ματος διαλέγεσθαι εἰληφώς πρὶν ἢ τὸν περὶ τούτου λόγον ἀκριβέστερον πραγματ
28660	Michael Psellos	Theologica I	1/#7	Eustratius of Nicaea	In Analytica Posteriora II	/195#2	4	0.0	χωρίσει ἀπὸ τῆς ἀγάπης τοῦ Χριστοῦ καὶ τὰ εἴδη τῶν πειρασμῶν ἀπαριθμησάμενος πεπ
28661	Michael Psellos	Theologica I	1/#7	Eustratius of Nicaea	In Analytica Posteriora II	/73#1	4	0.0	ἀλλὰ τὸν αὐτὸν ἐπινοίαις διαφόροις διῃρημένον ἡ γὰρ πρὸς τὸν θεὸν στραφεῖσα ψυχὴ
28663	Michael Psellos	Theologica I	3/#5	Eustratius of Nicaea	In Analytica Posteriora II	/152#3	4	0.0	ἀρυσάμενος ὅτι πῶς τοῦ ζῴου κατηγορουμένου κατὰ τοῦ εἴδους ἤτοι κατὰ τοῦ ἀνθρώπο
28665	Michael Psellos	Theologica I	3/#6	Eustratius of Nicaea	In Analytica Posteriora II	/188#3	4	0.0	πάντα ὅσα κατά τινος λέγεται καὶ κατὰ τοῦ ὑποκειμένου τούτῳ ῥηθήσεται ἀλλ εἰ μὲν
28666	Michael Psellos	Theologica I	3/#10	Eustratius of Nicaea	In Analytica Posteriora II	/96#2	4	0.0	ἐνταῦθα εἰρηκότος γὰρ τοῦ Πλάτωνος ὅτι τὸ μὴ ὂν δοξαστόν ἐστι δοξάζομεν γὰρ περὶ
28667	Michael Psellos	Theologica I	3/#10	Eustratius of Nicaea	In Analytica Posteriora II	/89#3	4	0.0	τὸ δὲ εἶναι ἁπλῶς οὐ τοίνυν ἐστὶ τὸ μὴ ὂν εἶναι ἐπειδὴ δοξαστόν ἐστι σαφέστερον 
28669	Michael Psellos	Theologica I	6/#11	Eustratius of Nicaea	In Analytica Posteriora II	/226#1	4	0.0	κατ ὀλίγον ἡ συμπλοκή οὕτω δὴ κατὰ τὸ ἀνάλογον καὶ ἡ διάλυσις οὐ γὰρ εὐθὺς ἀποθν
28670	Michael Psellos	Theologica I	7/#10	Eustratius of Nicaea	In Analytica Posteriora II	/130#1	4	0.0	δὴ ὁ μὲν Σολομῶν στύλους ὀνομάζει ὁ δὲ μετ ἐκεῖνον γενόμενος Ἡσαΐας πνεύματα οὐ 
28671	Michael Psellos	Theologica I	10/#4	Eustratius of Nicaea	In Analytica Posteriora II	/232#4	4	0.0	θεῷ τὸ ἀγαθόν τῷ δ αἰῶνι τὸ ταὐτόν τῷ δὲ νῷ τὴν νοερὰν κίνησιν τῇ δὲ
28673	Michael Psellos	Theologica I	20/#8	Eustratius of Nicaea	In Analytica Posteriora II	/205#1	4	0.0	τριάδι περατωθείημεν τοῦτο ὥσπερ ἐκείνη προσῆψε τῇ φύσει τὸ ἡμέτερον πάθος τῇ ἀπ
28674	Michael Psellos	Theologica I	21/#8	Eustratius of Nicaea	In Analytica Posteriora II	/150#3	4	0.0	οὐδ ἄλλο τι ὧν ἡμῖν μεταδίδωσι πρῶτον δὲ καὶ δεύτερον αἴτιον ὁ ἡμέτερος λόγος οὐ
28675	Michael Psellos	Theologica I	22/#5	Eustratius of Nicaea	In Analytica Posteriora II	/80#2	4	0.0	ὅτι τὸ πᾶν ἀπειληφὼς μένει ἀθάνατος οὐ μὴν δὲ καὶ τὴν κατ ἐνέργειαν ἀιδιότητα πρ
28676	Michael Psellos	Theologica I	22/#5	Eustratius of Nicaea	In Analytica Posteriora II	/235#1	4	0.0	ὅτι τὸ πᾶν ἀπειληφὼς μένει ἀθάνατος οὐ μὴν δὲ καὶ τὴν κατ ἐνέργειαν ἀιδιότητα πρ
28677	Michael Psellos	Theologica I	22/#7	Eustratius of Nicaea	In Analytica Posteriora II	/216#2	4	0.0	ὁ ἐρωτῶν κατάλληλον ἀπαιτεῖ τῇ τελευτῇ τὴν ἀρχήν εἰ γὰρ συναΐδια φησίν υἱὸς καὶ 
28678	Michael Psellos	Theologica I	22/#8	Eustratius of Nicaea	In Analytica Posteriora II	/127#1	4	0.0	λέγουσι καὶ τὸ ἀίδιον τάττουσιν οὐ μὴν ἐπὶ πάντων τῶν ἀιδίων καὶ τὸ
28679	Michael Psellos	Theologica I	22/#9	Eustratius of Nicaea	In Analytica Posteriora II	/127#1	4	0.0	λέγουσι καὶ τὸ ἀίδιον τάττουσιν οὐ μὴν ἐπὶ πάντων τῶν ἀιδίων καὶ τὸ ἀθάνατον προ
28680	Michael Psellos	Theologica I	25/#2	Eustratius of Nicaea	In Analytica Posteriora II	/106#1	4	0.0	τῆς προαριθμήσεως ἀμετάθετον ὁ δὲ πᾶς λόγος περὶ τῶν πρώτων ἐστὶ δύο γεννήσεων ὅ
28681	Michael Psellos	Theologica I	25/#4	Eustratius of Nicaea	In Analytica Posteriora II	/105#1	4	0.0	στερεῷ ἀποκληρωσάμενος σώματι ἀναβάλλομαι δὲ νῦν τὸν περὶ τούτου λόγον ὅτι μὴ κα
28685	Michael Psellos	Theologica I	31/#4	Eustratius of Nicaea	In Analytica Posteriora II	/269#1	4	0.0	ἠξιοῦτο καὶ ἐν τῇ κιβωτῷ διεσῴζετο ὁ δὲ περὶ τὰ Σόδομα ἐναυάγει λαός καὶ Ἰακὼβ μ
28686	Michael Psellos	Theologica I	31/#8	Eustratius of Nicaea	In Analytica Posteriora II	/157#2	4	0.0	τὸ γοῦν ἀλλάττειν τὴν φυσικὴν χρῆσιν εἰς τὴν παρὰ φύσιν ὅπερ ἐπὶ τῶν θηλειῶν ἐζή
28690	Michael Psellos	Theologica I	38/#3	Eustratius of Nicaea	In Analytica Posteriora II	/116#2	4	0.0	ἐὰν μὴ πιστεύσητε οὐδὲ μὴ συνῆτε Οὗτος μὲν οὖν ὁ τῆς προ φητείας χρησμός εἰωθότω
28691	Michael Psellos	Theologica I	38/#8	Eustratius of Nicaea	In Analytica Posteriora II	/100#1	4	0.0	ἀπεοίκασι δύο δαλῶν καπνῷ μὲν ὑποτυφομένων οὐ μέντοι γε καὶ πῦρ ἀποσπινθηριζόντω
28692	Michael Psellos	Theologica I	39/#4	Eustratius of Nicaea	In Analytica Posteriora II	/152#2	4	0.0	τις ἐρεῖν καὶ βύβλινα τὸ γὰρ εἶδος τοῦ βιβλίου ἐκ τῆς ἐν Βύβλῳ ὕλης
28695	Michael Psellos	Theologica I	47/#6	Eustratius of Nicaea	In Analytica Posteriora II	/80#1	4	0.0	καὶ πρὸς τὸν εὐθῆ κανόνα ὀρθοτομήσαντας οὕτως ἐλέγχειν εἴ τι παρὰ τοῖς ἀντιδόξοι
28696	Michael Psellos	Theologica I	48/#3	Eustratius of Nicaea	In Analytica Posteriora II	/213#1	4	0.0	ἐν τῷ παραδείσῳ γέγονεν ἥτις πρόοδος ἐκ τοῦ μὴ εἶναι εἰς τὸ εἶναι καθέστηκεν δευ
28697	Michael Psellos	Theologica I	53/#3	Eustratius of Nicaea	In Analytica Posteriora II	/171#4	4	0.0	τῆς περιφορᾶς ἄρξασθαι μετ αὐτοῦ δὲ καὶ τὸν χρόνον καὶ τὴν φύσιν συνυποστῆναι ὁ 
28704	Michael Psellos	Theologica I	56/#4	Eustratius of Nicaea	In Analytica Posteriora II	/96#1	4	0.0	καὶ σκιὰν φεύγουσαν ἀεὶ καὶ εἰς τὸ μὴ ὂν ἀνατρέχουσαν δός μοι τῆς ὕλης
28706	Michael Psellos	Theologica I	58/#5	Eustratius of Nicaea	In Analytica Posteriora II	/195#1	4	0.0	γεννώμενον ὁμοούσιόν ἐστι τῷ πατρί ἄνθρωπος γὰρ ἐξ ἀνθρώπου καὶ ἵππος ἐξ ἵππου κ
28708	Michael Psellos	Theologica I	62/#3	Eustratius of Nicaea	In Analytica Posteriora II	/105#2	4	0.0	ἡ εἰς τὸ ἄπειρον τομή τό τε εἶδος τῇ ὕλῃ συνδυαστὸν καὶ παντοπαθὲς διὰ ταύτην γε
28709	Michael Psellos	Theologica I	62/#8	Eustratius of Nicaea	In Analytica Posteriora II	/19#1	4	0.0	τὸ ἓν ἀποσπάσῃς τοῦ δεσμοῦ εὐθὺς καὶ τὸ ὂν καὶ ὁ νοῦς καὶ ἡ ψυχὴ καὶ
28710	Michael Psellos	Theologica I	62/#9	Eustratius of Nicaea	In Analytica Posteriora II	/111#2	4	0.0	εἶδος αὐτὸς τυγχά νων τὸ ἀμιγές οὐ μὴν δὲ καὶ τῶν στερήσεων εἰ δὲ νοῦς κυρίως
28711	Michael Psellos	Theologica I	62/#9	Eustratius of Nicaea	In Analytica Posteriora II	/80#2	4	0.0	εἶδος αὐτὸς τυγχά νων τὸ ἀμιγές οὐ μὴν δὲ καὶ τῶν στερήσεων εἰ δὲ νοῦς κυρίως
28715	Michael Psellos	Theologica I	69/#9	Eustratius of Nicaea	In Analytica Posteriora II	/121#1	4	0.0	ἣν ἀνωτέρω σημασίαν ὁ λόγος εὕρηκεν ἐπὶ δὲ τοῦ θεοῦ διότι πέφυκεν Ἀλλὰ τίς ἡ και
28716	Michael Psellos	Theologica I	74/#9	Eustratius of Nicaea	In Analytica Posteriora II	/234#3	4	0.0	διὰ τὸ πολὺ διεστάναι οὐκ ἀντελάβετο ὁ δὲ διὰ τὸ ἐμπεφράχθαι αὐτῷ τὸν τῆς ἀκοῆς 
28717	Michael Psellos	Theologica I	74/#10	Eustratius of Nicaea	In Analytica Posteriora II	/234#3	4	0.0	διὰ τὸ πολὺ διεστάναι οὐκ ἀντελάβετο ὁ δὲ διὰ τὸ ἐμπεφράχθαι αὐτῷ τὸν τῆς ἀκοῆς 
28720	Michael Psellos	Theologica I	77/#11	Eustratius of Nicaea	In Analytica Posteriora II	/269#1	4	0.0	τῶν ἀρετῶν τυγχάνοντες πράξεως τοῖς δὲ ἡ μὲν περὶ τὰς ἀρετὰς ἐνέργεια σεμνὴ καὶ 
28721	Michael Psellos	Theologica I	82/#4	Eustratius of Nicaea	In Analytica Posteriora II	/180#1	4	0.0	τὸ ὁμοιούμενον ἀφω μοίωται τὸ μὲν οὖν κατὰ τὸ ποιὸν ὅμοιον τοιοῦτον τὸ δὲ κατὰ τ
28722	Michael Psellos	Theologica I	87/#4	Eustratius of Nicaea	In Analytica Posteriora II	/249#3	4	0.0	ἀπομεμέρισται τοῦτο δὲ τὸ εἶναι οὐ τὸ μέσον τοῦ παντὸς
28723	Michael Psellos	Theologica I	90/#3	Eustratius of Nicaea	In Analytica Posteriora II	/150#1	4	0.0	ἦν πρὸ τῆς διακρίσεως ἡγώμεθα οὖν τὸν τοῦ παντὸς ποιητὴν ἐξῃρημένον ὑπάρχειν νοῦ
28724	Michael Psellos	Theologica I	90/#7	Eustratius of Nicaea	In Analytica Posteriora II	/180#1	4	0.0	οὗ τὴν φύσιν ὑπερφωνεῖ ὁ θεός μετὰ γὰρ τὴν τοῦ φωτὸς ὕπαρξιν τοὺς φωστῆρας πεποί
28725	Michael Psellos	Theologica I	91/#10	Eustratius of Nicaea	In Analytica Posteriora II	/253#1	4	0.0	μέγεθος κατὰ φιλοτιμίαν εἴληφε τοῦ ποιήσαντος διὰ τοῦτο καὶ τῷ κοινῷ ἀνθρώπῳ τῷ 
28727	Michael Psellos	Theologica I	100/#5	Eustratius of Nicaea	In Analytica Posteriora II	/116#3	4	0.0	οἵ τε γὰρ τότε τούτου ἐδόξασαν εἰ δὲ καὶ μὴ ἔφθασαν ἴσως εἰς τὴν περὶ τούτου
28728	Michael Psellos	Theologica I	102/#9	Eustratius of Nicaea	In Analytica Posteriora II	/64#1	4	0.0	ἄνθρωπον μὴ θεῖα οἰκοδομεῖν ὀχυρώματα δι ὧν ὁ νοῦς πρὸς οὐρανὸν ἄνεισι πηλῷ ἐμφε
28729	Michael Psellos	Theologica I	104/#1	Eustratius of Nicaea	In Analytica Posteriora II	/197#1	4	0.0	σαρκικὸν γενομένους εἴτε νέφος εἴτε προκάλυμμα καὶ τοῦτον τὸν τρόπον θεῷ πλησιάσ
28730	Michael Psellos	Theologica I	104/#2	Eustratius of Nicaea	In Analytica Posteriora II	/205#2	4	0.0	μα καριώτερος δὲ τοῦ διὰ τὴν φύσιν ὁ διὰ τὴν ἄσκησιν καὶ τούτων ἔτι εὐδαιμονέστε
28731	Michael Psellos	Theologica I	106/#4	Eustratius of Nicaea	In Analytica Posteriora II	/56#2	4	0.0	τὴν τοῦ ἁγίου πνεύματος παραδεξαμένων ὑπόστασιν ἀλλ ὡς ἐκείνων μὲν πνεῦμά τι παρ
28732	Michael Psellos	Theologica I	107/#1	Eustratius of Nicaea	In Analytica Posteriora II	/268#1	4	0.0	τὸ ὁ μὲν ἡμέτερος λόγος ὥσπερ ἵππου καὶ βοὸς καὶ ἀνθρώπου καὶ ἑκάστου τῶν ὑπὸ τὸ
28733	Michael Psellos	Theologica I	107/#8	Eustratius of Nicaea	In Analytica Posteriora II	/268#1	4	0.0	μὲν οὖν ἡμέτεροσ φησί λόγος ὥσπερ ἵππου καὶ βοὸς καὶ ἀνθρώπου καὶ ἑκάστου τῶν ὑπ
28736	Michael Psellos	Theologica I	97/#3	Eustratius of Nicaea	In Ethica Nicomachea I	/75#2	4	0.0	λόγον φασὶ τοῦ αἰτιατοῦ νῦν δὲ τὸ αἰτιατὸν τοῦ αἰτίου πρὸς ὃ βούλεται καὶ καταλλ
28737	Michael Psellos	Theologica I	90/#3	Eustratius of Nicaea	In Ethica Nicomachea I	/45#1	4	0.0	τὰ ὄντα καὶ μηδὲν τῶν ὄντων καὶ ὑπὲρ τὰ ὄντα καὶ ἐν τοῖς οὖσιν ἐν τῷ
28738	Michael Psellos	Theologica I	97/#4	Eustratius of Nicaea	In Ethica Nicomachea I	/36#1	4	0.0	δὲ ἑτεροκίνητον ἔδει δέ τι μέσον τῶν ἐναντίων εἶναι τοῦτο γοῦν ἐστιν ἡ ψυχή καὶ 
28739	Michael Psellos	Theologica I	101/#4	Eustratius of Nicaea	In Ethica Nicomachea I	/80#1	4	0.0	ζητεῖ δὲ καὶ περὶ τῆς τοῦ κυρίου παρουσίας πότερον τὴν διὰ
28740	Michael Psellos	Theologica I	3/#1	Eustratius of Nicaea	In Ethica Nicomachea I	/49#1	4	0.0	πότερον ἑαυτοὺς παραλογίζονται ἢ τοὺς πρὸς οὓς ὁ λόγος οὐ γὰρ ἁπλῶς ὅσα κατά τιν
28741	Michael Psellos	Theologica I	4/#10	Eustratius of Nicaea	In Ethica Nicomachea I	/63#2	4	0.0	κλήσει πρὸς πᾶσαν γραφικὴν μαρτυρίαν τυφλώττων καὶ πρὸς αὐτὸ τὸ ἀίδιον φῶς καὶ μ
28742	Michael Psellos	Theologica I	6/#12	Eustratius of Nicaea	In Ethica Nicomachea I	/2#2	4	0.0	οὕτω δὴ κατὰ τὸ ἀνάλογον καὶ ἡ διάλυσις οὐ γὰρ εὐθὺς ἀποθνῃσκόντων
28743	Michael Psellos	Theologica I	32/#11	Eustratius of Nicaea	In Ethica Nicomachea I	/54#2	4	0.0	ἂν καὶ ἐνώπιον τοῦ θεοῦ ληρώδης οὗτος ὁ λόγος καὶ τῆς Πορφυρίου πλάνης ἀμβλωθρίδ
28745	Michael Psellos	Theologica I	80/#2	Eustratius of Nicaea	In Ethica Nicomachea I	/80#1	4	0.0	ἀναλογίαν ἔχουσι πρὸς τὰς ἐν ψυχῇ δεῖ γὰρ καὶ ταύτην τὸ μέν τι φαγεῖν νοητῶς τὸ
28746	Michael Psellos	Theologica I	82/#5	Eustratius of Nicaea	In Ethica Nicomachea I	/29#1	4	0.0	Βασίλειος τῇ προσθήκῃ τοῦ ἀπαραλλάκτου πρὸς Οἱ μὲν οὖν ἄλλοι φιλόσοφοι οὕτως ὁ δ
28747	Michael Psellos	Theologica I	97/#3	Eustratius of Nicaea	In Ethica Nicomachea I	/36#1	4	0.0	δὲ ἑτεροκίνητον ἔδει δέ τι μέσον τῶν ἐναντίων εἶναι τοῦτο γοῦν ἐστιν ἡ ψυχή καὶ
28748	Michael Psellos	Theologica I	98/#5	Eustratius of Nicaea	In Ethica Nicomachea I	/94#3	4	0.0	κεφάλαιον ἐπὶ τὸ δεύτερον ἦλθε τοῦτο δὲ ἦν ἡ πρὸς ἀρετὴν τῶν ἀκουόντων παράκλησι
28749	Michael Psellos	Theologica I	101/#4	Eustratius of Nicaea	In Ethica Nicomachea I	/49#1	4	0.0	ζητεῖ δὲ καὶ περὶ τῆς τοῦ κυρίου παρουσίας πότερον τὴν διὰ σαρκὸς
28750	Michael Psellos	Theologica I	105/#8	Eustratius of Nicaea	In Ethica Nicomachea I	/37#3	4	0.0	τὴν σύστα σιν γεννῶν γὰρ τὸ ἓν τὸ ὄν καὶ τὸ ὂν τὸν νοῦν καὶ ὁ
28752	Michael Psellos	Theologica I	111/#6	Eustratius of Nicaea	In Ethica Nicomachea I	/117#2	4	0.0	λέγομεν καὶ ὥσπερ διὰ τὸ ἑτεροούσιον τοῦ λόγου καὶ τῆς σαρκὸς δύο οὐσίας φαμέν ο
28753	Michael Psellos	Theologica I	3/#4	Eustratius of Nicaea	In Ethica Nicomachea I	/74#2	4	0.0	οὐσιωδῶς κατηγορουμένων προσχρησαμένου τῷ ῥήματι οὗτος καὶ ἐπὶ τῶν κατὰ συμβεβηκ
28755	Michael Psellos	Theologica I	6/#3	Eustratius of Nicaea	In Ethica Nicomachea I	/42#3	4	0.0	διὰ ταῦτα τούτους μὲν τέως ἀφήσομεν τὰς δὲ τῶν ἑτέρων δόξας διαιρετέον ἡμῖν Πρὸ 
28757	Michael Psellos	Theologica I	17/#3	Eustratius of Nicaea	In Ethica Nicomachea I	/6#3	4	0.0	πικρᾶς ἅλμης τοῦ ὕδατος φημὶ δὴ τῶν ἐν τῷ βίῳ πραγμάτων οὐκ ἂν ἄλλως πρὸς τοὺς
28758	Michael Psellos	Theologica I	20/#2	Eustratius of Nicaea	In Ethica Nicomachea I	/100#1	4	0.0	τὸ ἀλλοιούμενον ὅτι μὴ καὶ ἠλλοίωται καὶ ἐπὶ τῶν ἄλλων ὡσαύτως εἰ δ ἐκινεῖτο θεό
28759	Michael Psellos	Theologica I	27/#3	Eustratius of Nicaea	In Ethica Nicomachea I	/4#3	4	0.0	εἴρηται πᾶς ἄνθρωπος ψεύστησ οὗτος γὰρ ὁ ἄνθρωπος ἐν τῷ πονηρῷ κεῖται ἕτερος δέ 
28760	Michael Psellos	Theologica I	49/#13	Eustratius of Nicaea	In Ethica Nicomachea I	/41#3	4	0.0	αὐτόν φασι τὰ πάντα καὶ αὐτὸν τὸ πρὸ τῶν πάντων οἷόν τινα φησὶν ὁ Δαψάμιος ἁπλότ
28761	Michael Psellos	Theologica I	52/#8	Eustratius of Nicaea	In Ethica Nicomachea I	/13#2	4	0.0	γένος ἐστὶ μήτε διαφορὰ μήτε ἴδιον καὶ διὰ τοῦτο καὶ σὺ τὰς ἀφορμὰς ἐπορίσω τῶν 
28762	Michael Psellos	Theologica I	52/#8	Eustratius of Nicaea	In Ethica Nicomachea I	/13#1	4	0.0	γένος ἐστὶ μήτε διαφορὰ μήτε ἴδιον καὶ διὰ τοῦτο καὶ σὺ τὰς ἀφορμὰς ἐπορίσω τῶν 
28767	Michael Psellos	Theologica I	56/#4	Eustratius of Nicaea	In Ethica Nicomachea I	/13#1	4	0.0	νοῖ ἑνάδες ὧν δὴ πάντων ὑπερανέστηκεν ὁ θεός εἴ γε ἐπεχείρησας πρὸς οὐρανόν ὦ λῷ
28768	Michael Psellos	Theologica I	57/#9	Eustratius of Nicaea	In Ethica Nicomachea I	/44#1	4	0.0	γεννᾶν τὸν υἱόν ἵνα συνημμένον ᾖ τὸ αἴτιον τῷ αἰτιατῷ Βούλει μαθεῖν ἐφ ὧν ἐστιν 
28770	Michael Psellos	Theologica I	65/#2	Eustratius of Nicaea	In Ethica Nicomachea I	/21#1	4	0.0	μὲν συν εκδοχικῶς λέγεται τὰ δὲ κατὰ τὸν τρόπον τῆς ἀντιδόσεως ἃ δὲ καὶ πρὸς οἰκ
28771	Michael Psellos	Theologica I	71/#1	Eustratius of Nicaea	In Ethica Nicomachea I	/22#1	4	0.0	τὸν μὲν γεννῶν τὸ δὲ προβαλλόμενος καὶ αὐτὸ δὲ τὸ εἶναι ὁ γὰρ πατὴρ αἴτιος αὐτοῖ
28772	Michael Psellos	Theologica I	76/#2	Eustratius of Nicaea	In Ethica Nicomachea I	/111#1	4	0.0	καὶ ἀπορῆσαι πρῶτον μὲν περὶ αὐτῆς τῆς τοῦ πνεύματος φύσεως μᾶλλον δὲ διαστεῖλαι
28773	Michael Psellos	Theologica I	76/#7	Eustratius of Nicaea	In Ethica Nicomachea I	/6#2	4	0.0	μαργαρίτην ἐκεῖνο μὲν ὅτι δι αὐτοῦ τὴν πρὸς τὸν πατέρα προσαγωγὴν ἐσχήκαμεν τοῦτ
28774	Michael Psellos	Theologica I	80/#7	Eustratius of Nicaea	In Ethica Nicomachea I	/59#3	4	0.0	τῷ διδασκάλῳ οἱ μαθηταὶ τοὺς λόγους τοῦ σώματος καὶ τὸ μέτρον ὅσον ἐφικτὸν ἔγνωσ
28775	Michael Psellos	Theologica I	81/#3	Eustratius of Nicaea	In Ethica Nicomachea I	/113#2	4	0.0	συμπάθειαν συναυξάνει τούτῳ καὶ συνεπιδίδωσιν ὅθεν ἄλλως μὲν ἐν τοῖς σπαργάνοις 
28776	Michael Psellos	Theologica I	81/#4	Eustratius of Nicaea	In Ethica Nicomachea I	/113#2	4	0.0	συμπάθειαν συναυξάνει τούτῳ καὶ συνεπιδίδωσιν ὅθεν ἄλλως μὲν ἐν τοῖς σπαργάνοις 
28777	Michael Psellos	Theologica I	81/#7	Eustratius of Nicaea	In Ethica Nicomachea I	/36#1	4	0.0	πρὸς τὰς ἀνόδους καὶ ταῦτα παραγυμνοῖ οὕτω δὴ καὶ ὁ νοητὸς ἥλιος ἀνθρακώδης μὲν 
28778	Michael Psellos	Theologica I	81/#8	Eustratius of Nicaea	In Ethica Nicomachea I	/82#3	4	0.0	τὴν πρὸς τὴν σάρκα δεικνὺς οἰκείωσιν διὰ τὸ τῆς φύσεως ἀτελές ἔπειτα οἷον ὑπεράν
28780	Michael Psellos	Theologica I	87/#5	Eustratius of Nicaea	In Ethica Nicomachea I	/87#1	4	0.0	παρῳχηκότος ἐστέρηται καὶ τοῦ μέλλοντος ἀλλ ὁ τὸ εἶναι δοὺς τῷ θεῷ λόγος πᾶν τὸ 
28781	Michael Psellos	Theologica I	87/#7	Eustratius of Nicaea	In Ethica Nicomachea I	/4#1	4	0.0	σταυρὸν ἐπὶ τῶν ὤμων ἔχοντες ἀναγόμεθα Ἀλλὰ περὶ μὲν τούτων μακρὸς ἂν εἴη καιρὸς
28782	Michael Psellos	Theologica I	89/#6	Eustratius of Nicaea	In Ethica Nicomachea I	/47#3	4	0.0	τί ποτ οὖν ἐστι τὸ ἀπόρρητον τῶν ὄντων τὰ μὲν ἁπλᾶ ἐστι τὰ δὲ σύν θετα
28783	Michael Psellos	Theologica I	94/#6	Eustratius of Nicaea	In Ethica Nicomachea I	/36#1	4	0.0	τῆς ὁσιότητος λόγος περι ληπτός ἐστιν οὕτω δὴ καὶ ὁ τῆς θεώσεως ἀλλὰ τὸν ἅπαντα 
28784	Michael Psellos	Theologica I	97/#6	Eustratius of Nicaea	In Ethica Nicomachea I	/89#2	4	0.0	εὐθὺς εἰς τὸν ὁρισμὸν τούτου παραλαμβάνει τὸ αἴτιον ἐπεὶ γὰρ ἀποδείκνυται πάντα 
28785	Michael Psellos	Theologica I	101/#3	Eustratius of Nicaea	In Ethica Nicomachea I	/49#1	4	0.0	καὶ πῶς ἂν γρηγοροίημεν ζητεῖ δὲ καὶ περὶ τῆς τοῦ κυρίου παρουσίας πότερον τὴν δ
28786	Michael Psellos	Theologica I	104/#2	Eustratius of Nicaea	In Ethica Nicomachea I	/117#2	4	0.0	τῶν ἀπορουμένων πρῶ τον τὸ περὶ τοῦ λόγου καὶ τῆς θεωρίασ ὅπως ποτὲ διὰ τούτων ἡ
28787	Michael Psellos	Theologica I	104/#2	Eustratius of Nicaea	In Ethica Nicomachea I	/117#3	4	0.0	τῶν ἀπορουμένων πρῶ τον τὸ περὶ τοῦ λόγου καὶ τῆς θεωρίασ ὅπως ποτὲ διὰ τούτων ἡ
28788	Michael Psellos	Theologica I	105/#3	Eustratius of Nicaea	In Ethica Nicomachea I	/7#3	4	0.0	καὶ οὐκ ἄναρχον εἰ μὲν γὰρ πρὸς τὸ πρῶτον αἴτιον ἀνάγοις οὐκ ἄναρχον ἐκεῖθεν γάρ
28789	Michael Psellos	Theologica I	105/#8	Eustratius of Nicaea	In Ethica Nicomachea I	/47#3	4	0.0	ἀπὸ νοῦ γεννῶσι νοῦν δὲ ἀπὸ τοῦ ὄντος τὸ δὲ ὂν ἀπὸ τοῦ ἑνός Τὸ γοῦν
28792	Michael Psellos	Theologica I	107/#8	Eustratius of Nicaea	In Ethica Nicomachea I	/42#2	4	0.0	ὀνόμασιν ἀλλ ἐν πράγμασίν ἐστιν ἡμῖν ἡ ἀλήθεια οἱ δέ ὥσπερ δεδοικότες μὴ πάντα κ
28793	Michael Psellos	Theologica I	107/#9	Eustratius of Nicaea	In Ethica Nicomachea I	/118#1	4	0.0	εἶναι τὸν υἱὸν ὁμολογοῦσιν ὅταν βιασθῶσι τῷ λόγῳ καὶ ταῖς μαρτυρίαις ὁμώνυμον δὲ
28795	Michael Psellos	Theologica I	111/#3	Eustratius of Nicaea	In Ethica Nicomachea I	/31#3	4	0.0	τὸ αὐτὸ καὶ κατὰ τὴν ὑπόστασιν καὶ εἴ τι ἓν καὶ ἡνωμένον ἄλλῳ τυγχάνει κατὰ τὴν
28796	Michael Psellos	Theologica I	111/#6	Eustratius of Nicaea	In Ethica Nicomachea I	/117#3	4	0.0	λέγομεν καὶ ὥσπερ διὰ τὸ ἑτεροούσιον τοῦ λόγου καὶ τῆς σαρκὸς δύο οὐσίας φαμέν ο
28797	Michael Psellos	Theologica I	113/#9	Eustratius of Nicaea	In Ethica Nicomachea I	/6#3	4	0.0	τοῦτό φησιν ὁ ἀπόστο λος ἐξ αὐτοῦ καὶ δι αὐτοῦ καὶ εἰς αὐτόν ὅτι τε φησίν
28799	Michael Psellos	Theologica I	2/#4	Eustratius of Nicaea	In Ethica Nicomachea I	/97#1	4	0.0	ὁ δὲ ἐνεργεῖται ἑτεροούσια δὲ ταῦτα ὡς ἐπὶ τῶν τεχνῶν δῆλον καθέστηκεν ἑτέρας ἄρ
28800	Michael Psellos	Theologica I	2/#4	Eustratius of Nicaea	In Ethica Nicomachea I	/54#3	4	0.0	ἐνεργουμένου γάρ τινος ἡ ἐνέργεια τί δ ἄλλο τὸ ἐνεργούμενον παρὰ τοῦ πατρικοῦ το
28802	Michael Psellos	Theologica I	3/#4	Eustratius of Nicaea	In Ethica Nicomachea I	/42#3	4	0.0	τῶν οὐσιωδῶς κατηγορουμένων προσχρησαμένου τῷ ῥήματι οὗτος καὶ ἐπὶ τῶν κατὰ συμβ
28805	Michael Psellos	Theologica I	4/#10	Eustratius of Nicaea	In Ethica Nicomachea I	/63#3	4	0.0	κλήσει πρὸς πᾶσαν γραφικὴν μαρτυρίαν τυφλώττων καὶ πρὸς αὐτὸ τὸ ἀίδιον φῶς καὶ μ
28807	Michael Psellos	Theologica I	8a/#10	Eustratius of Nicaea	In Ethica Nicomachea I	/6#2	4	0.0	τῷ τρόπῳ τῆς ἀντιδό σεως τὴν σὴν πρὸς τὸν πατέρα προσαγωγήν τὴν πρὸς τὰ ἔθνη μετ
28808	Michael Psellos	Theologica I	11/#12	Eustratius of Nicaea	In Ethica Nicomachea I	/36#1	4	0.0	θεός πλὴν ταῦτά φημι οὐκ ἀγνοῶν ὅτι καὶ τῷ τοῦ ὅλου ὀνόματι ἐπὶ θεοῦ τινες κατεχ
28810	Michael Psellos	Theologica I	13/#4	Eustratius of Nicaea	In Ethica Nicomachea I	/80#1	4	0.0	λοιπὰ τῶν ὀνομάτων ὡσαύτως αὐτῷ ἀπομεριζόμεθα τούτων δὲ τὰ μὲν κοινὰ τοῖς τρισὶ 
28811	Michael Psellos	Theologica I	14/#2	Eustratius of Nicaea	In Ethica Nicomachea I	/14#3	4	0.0	οὖν ὅτι τῶν ἁμαρτανομένων τὰ μὲν αὐτόθεν πρὸς τὸν θεὸν ἔχει τὴν ἀναφοράν τὰ δὲ δ
28812	Michael Psellos	Theologica I	14/#2	Eustratius of Nicaea	In Ethica Nicomachea I	/49#2	4	0.0	ροῦντος ἢ ἀντιλέγοντος ὁ πᾶσιν ἀνάλωτος καὶ αὐτοῦ δὴ τοῦ δεδικαιῶσθαι ὑψηλότερος
28813	Michael Psellos	Theologica I	20/#9	Eustratius of Nicaea	In Ethica Nicomachea VI	/367#3	4	0.0	εἰς δυάδα μέχρι τριάδος κινηθεῖσα καὶ γὰρ οὕτως ἔχει ἡ μονάς ἤτοι αὐτὴ ἡ θεότης 
28814	Michael Psellos	Theologica I	3/#10	Eustratius of Nicaea	In Ethica Nicomachea VI	/268#2	4	0.0	εἴπῃ παραλογίζεται ὥς πού τις οἴεται τὸ μὴ ὂν εἶναι ἐνταῦθα εἰρηκότος γὰρ τοῦ Πλ
28815	Michael Psellos	Theologica I	24/#9	Eustratius of Nicaea	In Ethica Nicomachea VI	/258#3	4	0.0	δὴ καὶ κενοδρομεῖν πρὸς οὐρανὸν πτερυσσόμενοι Καὶ ταῦτα μὲν οὕτως ἐπεὶ δὲ ὁ Εὐνό
28816	Michael Psellos	Theologica I	29/#2	Eustratius of Nicaea	In Ethica Nicomachea VI	/391#2	4	0.0	ἀπολωλέκασι Πρὸς δὴ τὰς τοιαύτας ἀπορίας τῶν ἐν ἡμῖν ἀπορρήτων ὠδῖνας τῶν λογικῶ
28817	Michael Psellos	Theologica I	33/#4	Eustratius of Nicaea	In Ethica Nicomachea VI	/334#2	4	0.0	μόνως παθεῖν ναυπηγητέον οὖν ὥσπερ ἡμῖν ἐπὶ τῶν πράξεων τὸ πρὸς θεὸν ὄχημα καὶ ξ
28818	Michael Psellos	Theologica I	35/#5	Eustratius of Nicaea	In Ethica Nicomachea VI	/387#2	4	0.0	ἀγαθῶν ἑτοιμότης ἢ λέβης ἐλπίδος ἐστὶν ὁ νοῦς ὁ δεκτικὸς τῶν κατ ἐπαγ γελίαν διδ
28820	Michael Psellos	Theologica I	84/#1	Eustratius of Nicaea	In Ethica Nicomachea VI	/339#2	4	0.0	τῷ δὲ εἰς τὸ ἅγιον πνεῦμα βλασφημήσαντι οὐκ ἀφεθήσεται Ἔστι
28822	Michael Psellos	Theologica I	111/#6	Eustratius of Nicaea	In Ethica Nicomachea VI	/396#3	4	0.0	λέγομεν καὶ ὥσπερ διὰ τὸ ἑτεροούσιον τοῦ λόγου καὶ τῆς σαρκὸς δύο οὐσίας φαμέν ο
28823	Michael Psellos	Theologica I	24/#2	Eustratius of Nicaea	In Ethica Nicomachea VI	/356#2	4	0.0	ὡς ἐν τύπῳ εἰπεῖν ἢ ἀριθμῷ ἢ εἴδει ἢ γένει ἤ ὡς ἐν ἄλλοις ὁ φιλόσοφος
28824	Michael Psellos	Theologica I	24/#9	Eustratius of Nicaea	In Ethica Nicomachea VI	/258#2	4	0.0	δὴ καὶ κενοδρομεῖν πρὸς οὐρανὸν πτερυσσόμενοι Καὶ ταῦτα μὲν οὕτως ἐπεὶ δὲ ὁ Εὐνό
28826	Michael Psellos	Theologica I	44/#4	Eustratius of Nicaea	In Ethica Nicomachea VI	/403#2	4	0.0	γὰρ δή τι ταὐτόν ἐστιν ὥσπερ ἂν εἴ τις ἰατρός ἐμψύχου πυρέττοντος σώματος τὴν σκ
28827	Michael Psellos	Theologica I	49/#2	Eustratius of Nicaea	In Ethica Nicomachea VI	/339#2	4	0.0	εἰπεῖν δὲ καὶ ὁ θεολογικός ἀνερευνᾷ τε τὰ ὑποκείμενα καὶ πιστὰ καὶ ἀληθῆ οἴεται 
28830	Michael Psellos	Theologica I	61/#8	Eustratius of Nicaea	In Ethica Nicomachea VI	/352#1	4	0.0	κεῖνται τὰ στοιχεῖα τοῖς ἄκροις θιγγάνοντα κατὰ δὲ τὰ μερικὰ ἀποσπάσματα
28835	Michael Psellos	Theologica I	85/#4	Eustratius of Nicaea	In Ethica Nicomachea VI	/258#2	4	0.0	γε καὶ δεῖ ἀλλ ἄπειρον καὶ τὴν φύσιν καὶ τὴν ἐνέργειαν καὶ τὴν δύναμιν ἐφ οὗ
28836	Michael Psellos	Theologica I	87/#7	Eustratius of Nicaea	In Ethica Nicomachea VI	/291#3	4	0.0	σταυρὸν ἐπὶ τῶν ὤμων ἔχοντες ἀναγόμεθα Ἀλλὰ περὶ μὲν τούτων μακρὸς ἂν εἴη καιρὸς
28837	Michael Psellos	Theologica I	87/#8	Eustratius of Nicaea	In Ethica Nicomachea VI	/291#3	4	0.0	σταυρὸν ἐπὶ τῶν ὤμων ἔχοντες ἀναγόμεθα Ἀλλὰ περὶ μὲν τούτων μακρὸς ἂν εἴη καιρὸς
28838	Michael Psellos	Theologica I	108/#3	Eustratius of Nicaea	In Ethica Nicomachea VI	/320#1	4	0.0	ἀποβολὴ τῆς φυσικῆς περὶ ταύτην κινήσεως καὶ τῶν κατ ἀρετὴν καὶ φύσιν τῶν ὄντων 
28839	Michael Psellos	Theologica I	3/#4	Eustratius of Nicaea	In Ethica Nicomachea VI	/310#3	4	0.0	τῶν οὐσιωδῶς κατηγορουμένων προσχρησαμένου τῷ ῥήματι οὗτος καὶ ἐπὶ τῶν κατὰ συμβ
28841	Michael Psellos	Theologica I	12/#9	Eustratius of Nicaea	In Ethica Nicomachea VI	/382#1	4	0.0	φύσεις θεὸς τέλειος καὶ ἄνθρωπος τέλειος οὐ γὰρ εἴ τι ἐξ ὧν ἐστι τοῦτο δὴ αὐτὰ
28842	Michael Psellos	Theologica I	15/#5	Eustratius of Nicaea	In Ethica Nicomachea VI	/371#3	4	0.0	τὸν θεὸν ἔρως διάπυρος ἀτελὴς δὲ ἡ γνώμη καὶ ἡ ψυχὴ θήλεια ὄντως οὐ γὰρ διὰ
28843	Michael Psellos	Theologica I	16/#9	Eustratius of Nicaea	In Ethica Nicomachea VI	/374#1	4	0.0	αὐτὸ συστῆσαι ἀφανίζομεν αὐτοῦ τὸ ἀξιόπιστον τοῦτο γάρ ἐστι τὸ λύομεν Ὅταν οὖν δ
28844	Michael Psellos	Theologica I	16/#9	Eustratius of Nicaea	In Ethica Nicomachea VI	/374#2	4	0.0	αὐτὸ συστῆσαι ἀφανίζομεν αὐτοῦ τὸ ἀξιόπιστον τοῦτο γάρ ἐστι τὸ λύομεν Ὅταν οὖν δ
28848	Michael Psellos	Theologica I	20/#1	Eustratius of Nicaea	In Ethica Nicomachea VI	/363#4	4	0.0	ἐστί τοῦτο δ ἔστι τὸ ἀρχόμενον τὰ δὲ πρός τι ἅμα τῇ φύσει ὥσθ ἅμα ἀρχή
28849	Michael Psellos	Theologica I	20/#1	Eustratius of Nicaea	In Ethica Nicomachea VI	/401#2	4	0.0	τῶν πρὸς ἄλλο πως ἐχόντων ἐστί τοῦτο δ ἔστι τὸ ἀρχόμενον τὰ δὲ πρός τι ἅμα
28850	Michael Psellos	Theologica I	20/#1	Eustratius of Nicaea	In Ethica Nicomachea VI	/401#3	4	0.0	τῶν πρὸς ἄλλο πως ἐχόντων ἐστί τοῦτο δ ἔστι τὸ ἀρχόμενον τὰ δὲ πρός τι ἅμα
28851	Michael Psellos	Theologica I	20/#2	Eustratius of Nicaea	In Ethica Nicomachea VI	/363#4	4	0.0	ἐστί τοῦτο δ ἔστι τὸ ἀρχόμενον τὰ δὲ πρός τι ἅμα τῇ φύσει ὥσθ ἅμα ἀρχή
28852	Michael Psellos	Theologica I	20/#2	Eustratius of Nicaea	In Ethica Nicomachea VI	/401#3	4	0.0	ἐχόντων ἐστί τοῦτο δ ἔστι τὸ ἀρχόμενον τὰ δὲ πρός τι ἅμα
28853	Michael Psellos	Theologica I	20/#2	Eustratius of Nicaea	In Ethica Nicomachea VI	/310#3	4	0.0	τὸ ἀλλοιούμενον ὅτι μὴ καὶ ἠλλοίωται καὶ ἐπὶ τῶν ἄλλων ὡσαύτως εἰ δ ἐκινεῖτο θεό
28854	Michael Psellos	Theologica I	20/#2	Eustratius of Nicaea	In Ethica Nicomachea VI	/310#4	4	0.0	τὸ ἀλλοιούμενον ὅτι μὴ καὶ ἠλλοίωται καὶ ἐπὶ τῶν ἄλλων ὡσαύτως εἰ δ ἐκινεῖτο θεό
28855	Michael Psellos	Theologica I	23/#9	Eustratius of Nicaea	In Ethica Nicomachea VI	/329#4	4	0.0	πρόσωπα ἃ δὴ καὶ διῄρηται οὐ τῇ φύσει ἡ αὐτὴ γὰρ ἐν ἅπασι καὶ ὁμότιμος ἀλλὰ
28858	Michael Psellos	Theologica I	27/#4	Eustratius of Nicaea	In Ethica Nicomachea VI	/361#3	4	0.0	δὲ ταῖς τοῦ σώματος ἡδοναῖς ἀποχρώμενος ἔστι δὲ οὗτος ὁ τὴν πρακτικὴν ἀρετὴν μετ
28859	Michael Psellos	Theologica I	27/#17	Eustratius of Nicaea	In Ethica Nicomachea VI	/265#1	4	0.0	βυθὸς οὗτος ἕτερος νοημάτων καὶ πολὺς ὁ περὶ τούτου λόγος εἰς ἕτερον ἀναμεινάτω 
28861	Michael Psellos	Theologica I	31/#1	Eustratius of Nicaea	In Ethica Nicomachea VI	/305#2	4	0.0	χωρὶς νόμων διαταγῆς ἕτερον δὲ τὸ παρὰ τὸν νόμον τῆς φύσεως τί δὲ τοῦτό ἐστι προ
28862	Michael Psellos	Theologica I	42/#1	Eustratius of Nicaea	In Ethica Nicomachea VI	/332#2	4	0.0	διαφόροις καὶ ἐναντίοις δηλοῦται ὀνόμασιν ἡ γὰρ κατ ἀρετὴν καὶ γνῶσιν προκοπή τε
28863	Michael Psellos	Theologica I	44/#3	Eustratius of Nicaea	In Ethica Nicomachea VI	/403#2	4	0.0	τοῦτο γὰρ δή τι ταὐτόν ἐστιν ὥσπερ ἂν εἴ τις ἰατρός ἐμψύχου πυρέττοντος σώματος 
28865	Michael Psellos	Theologica I	50/#3	Eustratius of Nicaea	In Ethica Nicomachea VI	/320#1	4	0.0	κατηγορίαν κινήσεων τὴν μὲν περὶ τὸ μέσον λέγει τὴν δὲ ἀπὸ τοῦ μέσου τὴν δὲ ἐπὶ
